{"cameraMode":{"drawMode":0,"name":"Shaded","section":"Shading Mode"},"sceneLighting":true,"audioPlay":false,"sceneViewState":{"showFog":true,"showMaterialUpdate":false,"showSkybox":true,"showFlares":true,"showImageEffects":true,"showParticleSystems":true},"in2DMode":false,"pivot":{"x":1.4370969533920289,"y":2.312753915786743,"z":-4.370616436004639},"rotation":{"x":-0.19542810320854188,"y":-0.585854172706604,"z":0.14822758734226228,"w":-0.7724120616912842},"size":7.079306125640869,"orthographic":false}