{"cameraMode":{"drawMode":0,"name":"Shaded","section":"Shading Mode"},"sceneLighting":false,"audioPlay":false,"sceneViewState":{"showFog":true,"showMaterialUpdate":false,"showSkybox":false,"showFlares":true,"showImageEffects":true,"showParticleSystems":true},"in2DMode":false,"pivot":{"x":52.508270263671878,"y":60.09092330932617,"z":-64.26315307617188},"rotation":{"x":0.0250172708183527,"y":0.9693030714988709,"z":-0.10885699838399887,"w":0.21986816823482514},"size":86.15873718261719,"orthographic":false}