{"cameraMode":{"drawMode":0,"name":"Shaded","section":"Shading Mode"},"sceneLighting":false,"audioPlay":false,"sceneViewState":{"showFog":true,"showMaterialUpdate":false,"showSkybox":false,"showFlares":true,"showImageEffects":true,"showParticleSystems":true},"in2DMode":false,"pivot":{"x":0.868300199508667,"y":0.27415093779563906,"z":0.2803686261177063},"rotation":{"x":0.20707514882087708,"y":-0.2654517889022827,"z":0.05875413864850998,"w":0.9399768114089966},"size":2.5071160793304445,"orthographic":false}