{"cameraMode":{"drawMode":0,"name":"Shaded","section":"Shading Mode"},"sceneLighting":false,"audioPlay":false,"sceneViewState":{"showFog":true,"showMaterialUpdate":false,"showSkybox":false,"showFlares":true,"showImageEffects":true,"showParticleSystems":true},"in2DMode":false,"pivot":{"x":22.83382797241211,"y":3.8466551303863527,"z":-3.712245225906372},"rotation":{"x":-0.09732966125011444,"y":-0.6385937929153442,"z":0.08095427602529526,"w":-0.7593570351600647},"size":3.434335470199585,"orthographic":false}